<?xml version="1.0"?>
<!--<!DOCTYPE metadata SYSTEM "http://www.esri.com/metadata/esriprof80.dtd">-->
<metadata xml:lang="hr"><Esri><CreaDate>20110316</CreaDate><CreaTime>22174400</CreaTime><SyncOnce>FALSE</SyncOnce><SyncDate>20110316</SyncDate><SyncTime>22151300</SyncTime><ModDate>20110316</ModDate><ModTime>22151300</ModTime><DataProperties><lineage><Process ToolSource="C:\Program Files\ArcGIS\ArcToolbox\Toolboxes\Conversion Tools.tbx\TableToTable" Date="20110316" Time="221514">TableToTable C:\A\UREL\dbf\2011\OVR1.xlsx\OVR$ "D:\gis_010\KOPRIVNICKO-KRIZEVACKA ZUPANIJA\geodatabase\mali_kalnik.gdb" ovr # "GJ 'GJ' true true false 255 Text 0 0 ,First,#,C:\A\UREL\dbf\2011\OVR1.xlsx\OVR$,GJ,-1,-1;ODJ 'ODJ' true true false 255 Text 0 0 ,First,#,C:\A\UREL\dbf\2011\OVR1.xlsx\OVR$,ODJ,-1,-1;ODS 'ODS' true true false 255 Text 0 0 ,First,#,C:\A\UREL\dbf\2011\OVR1.xlsx\OVR$,ODS,-1,-1;VR 'VR' true true false 255 Text 0 0 ,First,#,C:\A\UREL\dbf\2011\OVR1.xlsx\OVR$,VR,-1,-1;POST 'POST' true true false 255 Text 0 0 ,First,#,C:\A\UREL\dbf\2011\OVR1.xlsx\OVR$,POST,-1,-1;B07 'B07' true true false 8 Double 6 15 ,First,#,C:\A\UREL\dbf\2011\OVR1.xlsx\OVR$,B07,-1,-1;B12 'B12' true true false 8 Double 6 15 ,First,#,C:\A\UREL\dbf\2011\OVR1.xlsx\OVR$,B12,-1,-1;B17 'B17' true true false 8 Double 6 15 ,First,#,C:\A\UREL\dbf\2011\OVR1.xlsx\OVR$,B17,-1,-1;B22 'B22' true true false 8 Double 6 15 ,First,#,C:\A\UREL\dbf\2011\OVR1.xlsx\OVR$,B22,-1,-1;B27 'B27' true true false 8 Double 6 15 ,First,#,C:\A\UREL\dbf\2011\OVR1.xlsx\OVR$,B27,-1,-1;B32 'B32' true true false 8 Double 6 15 ,First,#,C:\A\UREL\dbf\2011\OVR1.xlsx\OVR$,B32,-1,-1;B37 'B37' true true false 8 Double 6 15 ,First,#,C:\A\UREL\dbf\2011\OVR1.xlsx\OVR$,B37,-1,-1;B42 'B42' true true false 8 Double 6 15 ,First,#,C:\A\UREL\dbf\2011\OVR1.xlsx\OVR$,B42,-1,-1;B47 'B47' true true false 8 Double 6 15 ,First,#,C:\A\UREL\dbf\2011\OVR1.xlsx\OVR$,B47,-1,-1;B52 'B52' true true false 8 Double 6 15 ,First,#,C:\A\UREL\dbf\2011\OVR1.xlsx\OVR$,B52,-1,-1;B57 'B57' true true false 8 Double 6 15 ,First,#,C:\A\UREL\dbf\2011\OVR1.xlsx\OVR$,B57,-1,-1;B62 'B62' true true false 8 Double 6 15 ,First,#,C:\A\UREL\dbf\2011\OVR1.xlsx\OVR$,B62,-1,-1;B67 'B67' true true false 8 Double 6 15 ,First,#,C:\A\UREL\dbf\2011\OVR1.xlsx\OVR$,B67,-1,-1;B72 'B72' true true false 8 Double 6 15 ,First,#,C:\A\UREL\dbf\2011\OVR1.xlsx\OVR$,B72,-1,-1;B77 'B77' true true false 8 Double 6 15 ,First,#,C:\A\UREL\dbf\2011\OVR1.xlsx\OVR$,B77,-1,-1;B82 'B82' true true false 8 Double 6 15 ,First,#,C:\A\UREL\dbf\2011\OVR1.xlsx\OVR$,B82,-1,-1;B87 'B87' true true false 8 Double 6 15 ,First,#,C:\A\UREL\dbf\2011\OVR1.xlsx\OVR$,B87,-1,-1;B92 'B92' true true false 8 Double 6 15 ,First,#,C:\A\UREL\dbf\2011\OVR1.xlsx\OVR$,B92,-1,-1;B97 'B97' true true false 8 Double 6 15 ,First,#,C:\A\UREL\dbf\2011\OVR1.xlsx\OVR$,B97,-1,-1;M07 'M07' true true false 8 Double 6 15 ,First,#,C:\A\UREL\dbf\2011\OVR1.xlsx\OVR$,M07,-1,-1;M12 'M12' true true false 8 Double 6 15 ,First,#,C:\A\UREL\dbf\2011\OVR1.xlsx\OVR$,M12,-1,-1;M17 'M17' true true false 8 Double 6 15 ,First,#,C:\A\UREL\dbf\2011\OVR1.xlsx\OVR$,M17,-1,-1;M22 'M22' true true false 8 Double 6 15 ,First,#,C:\A\UREL\dbf\2011\OVR1.xlsx\OVR$,M22,-1,-1;M27 'M27' true true false 8 Double 6 15 ,First,#,C:\A\UREL\dbf\2011\OVR1.xlsx\OVR$,M27,-1,-1;M32 'M32' true true false 8 Double 6 15 ,First,#,C:\A\UREL\dbf\2011\OVR1.xlsx\OVR$,M32,-1,-1;M37 'M37' true true false 8 Double 6 15 ,First,#,C:\A\UREL\dbf\2011\OVR1.xlsx\OVR$,M37,-1,-1;M42 'M42' true true false 8 Double 6 15 ,First,#,C:\A\UREL\dbf\2011\OVR1.xlsx\OVR$,M42,-1,-1;M47 'M47' true true false 8 Double 6 15 ,First,#,C:\A\UREL\dbf\2011\OVR1.xlsx\OVR$,M47,-1,-1;M52 'M52' true true false 8 Double 6 15 ,First,#,C:\A\UREL\dbf\2011\OVR1.xlsx\OVR$,M52,-1,-1;M57 'M57' true true false 8 Double 6 15 ,First,#,C:\A\UREL\dbf\2011\OVR1.xlsx\OVR$,M57,-1,-1;M62 'M62' true true false 8 Double 6 15 ,First,#,C:\A\UREL\dbf\2011\OVR1.xlsx\OVR$,M62,-1,-1;M67 'M67' true true false 8 Double 6 15 ,First,#,C:\A\UREL\dbf\2011\OVR1.xlsx\OVR$,M67,-1,-1;M72 'M72' true true false 8 Double 6 15 ,First,#,C:\A\UREL\dbf\2011\OVR1.xlsx\OVR$,M72,-1,-1;M77 'M77' true true false 8 Double 6 15 ,First,#,C:\A\UREL\dbf\2011\OVR1.xlsx\OVR$,M77,-1,-1;M82 'M82' true true false 8 Double 6 15 ,First,#,C:\A\UREL\dbf\2011\OVR1.xlsx\OVR$,M82,-1,-1;M87 'M87' true true false 8 Double 6 15 ,First,#,C:\A\UREL\dbf\2011\OVR1.xlsx\OVR$,M87,-1,-1;M92 'M92' true true false 8 Double 6 15 ,First,#,C:\A\UREL\dbf\2011\OVR1.xlsx\OVR$,M92,-1,-1;M97 'M97' true true false 8 Double 6 15 ,First,#,C:\A\UREL\dbf\2011\OVR1.xlsx\OVR$,M97,-1,-1;P10 'P10' true true false 8 Double 6 15 ,First,#,C:\A\UREL\dbf\2011\OVR1.xlsx\OVR$,P10,-1,-1;P30 'P30' true true false 8 Double 6 15 ,First,#,C:\A\UREL\dbf\2011\OVR1.xlsx\OVR$,P30,-1,-1;P50 'P50' true true false 8 Double 6 15 ,First,#,C:\A\UREL\dbf\2011\OVR1.xlsx\OVR$,P50,-1,-1;M10 'M10' true true false 8 Double 6 15 ,First,#,C:\A\UREL\dbf\2011\OVR1.xlsx\OVR$,M10,-1,-1;M30 'M30' true true false 8 Double 6 15 ,First,#,C:\A\UREL\dbf\2011\OVR1.xlsx\OVR$,M30,-1,-1;M50 'M50' true true false 8 Double 6 15 ,First,#,C:\A\UREL\dbf\2011\OVR1.xlsx\OVR$,M50,-1,-1;G 'G' true true false 8 Double 6 15 ,First,#,C:\A\UREL\dbf\2011\OVR1.xlsx\OVR$,G,-1,-1;T 'T' true true false 8 Double 6 15 ,First,#,C:\A\UREL\dbf\2011\OVR1.xlsx\OVR$,T,-1,-1;SR_VIS 'SR_VIS' true true false 8 Double 6 15 ,First,#,C:\A\UREL\dbf\2011\OVR1.xlsx\OVR$,SR_VIS,-1,-1;SR_VIS_U 'SR_VIS_U' true true false 8 Double 6 15 ,First,#,C:\A\UREL\dbf\2011\OVR1.xlsx\OVR$,SR_VIS_U,-1,-1;REORG 'REORG' true true false 2 Short 0 0 ,First,#,C:\A\UREL\dbf\2011\OVR1.xlsx\OVR$,REORG,-1,-1;T_DIR 'T_DIR' true true false 255 Text 0 0 ,First,#,C:\A\UREL\dbf\2011\OVR1.xlsx\OVR$,T_DIR,-1,-1;P_DIR 'P_DIR' true true false 255 Text 0 0 ,First,#,C:\A\UREL\dbf\2011\OVR1.xlsx\OVR$,P_DIR,-1,-1;GIP_M3 'GIP_M3' true true false 8 Double 6 15 ,First,#,C:\A\UREL\dbf\2011\OVR1.xlsx\OVR$,GIP_M3,-1,-1" # "D:\gis_010\KOPRIVNICKO-KRIZEVACKA ZUPANIJA\geodatabase\mali_kalnik.gdb\ovr"</Process></lineage></DataProperties><MetaID>{1183F7AC-0A55-4FFD-BA43-A81CA0A8065A}</MetaID></Esri><idinfo><native Sync="TRUE">Microsoft Windows XP Version 5.1 (Build 2600) Service Pack 3; ESRI ArcCatalog 9.3.0.1770</native><descript><langdata Sync="TRUE">hr</langdata><abstract>REQUIRED: A brief narrative summary of the data set.</abstract><purpose>REQUIRED: A summary of the intentions with which the data set was developed.</purpose></descript><citation><citeinfo><origin>REQUIRED: The name of an organization or individual that developed the data set.</origin><pubdate>REQUIRED: The date when the data set is published or otherwise made available for release.</pubdate><title Sync="TRUE">ovr</title><ftname Sync="TRUE">ovr</ftname><geoform Sync="TRUE">tabular digital data</geoform><onlink Sync="TRUE"></onlink></citeinfo></citation><timeperd><current>REQUIRED: The basis on which the time period of content information is determined.</current><timeinfo><sngdate><caldate>REQUIRED: The year (and optionally month, or month and day) for which the data set corresponds to the ground.</caldate></sngdate></timeinfo></timeperd><status><progress>REQUIRED: The state of the data set.</progress><update>REQUIRED: The frequency with which changes and additions are made to the data set after the initial data set is completed.</update></status><spdom><bounding><westbc Sync="TRUE">REQUIRED: Western-most coordinate of the limit of coverage expressed in longitude.</westbc><eastbc Sync="TRUE">REQUIRED: Eastern-most coordinate of the limit of coverage expressed in longitude.</eastbc><northbc Sync="TRUE">REQUIRED: Northern-most coordinate of the limit of coverage expressed in latitude.</northbc><southbc Sync="TRUE">REQUIRED: Southern-most coordinate of the limit of coverage expressed in latitude.</southbc></bounding></spdom><keywords><theme><themekt>REQUIRED: Reference to a formally registered thesaurus or a similar authoritative source of theme keywords.</themekt><themekey>REQUIRED: Common-use word or phrase used to describe the subject of the data set.</themekey></theme></keywords><accconst>REQUIRED: Restrictions and legal prerequisites for accessing the data set.</accconst><useconst>REQUIRED: Restrictions and legal prerequisites for using the data set after access is granted.</useconst><natvform Sync="TRUE">File Geodatabase Table</natvform></idinfo><dataIdInfo><envirDesc Sync="TRUE">Microsoft Windows XP Version 5.1 (Build 2600) Service Pack 3; ESRI ArcCatalog 9.3.0.1770</envirDesc><dataLang><languageCode Sync="TRUE" value="hr"></languageCode></dataLang><idCitation><resTitle Sync="TRUE">ovr</resTitle></idCitation></dataIdInfo><metainfo><langmeta Sync="TRUE">hr</langmeta><metstdn Sync="TRUE">FGDC Content Standards for Digital Geospatial Metadata</metstdn><metstdv Sync="TRUE">FGDC-STD-001-1998</metstdv><mettc Sync="TRUE">local time</mettc><metextns><onlink Sync="TRUE">http://www.esri.com/metadata/esriprof80.html</onlink><metprof Sync="TRUE">ESRI Metadata Profile</metprof></metextns><metc><cntinfo><cntorgp><cntper>REQUIRED: The person responsible for the metadata information.</cntper><cntorg>REQUIRED: The organization responsible for the metadata information.</cntorg></cntorgp><cntaddr><addrtype>REQUIRED: The mailing and/or physical address for the organization or individual.</addrtype><city>REQUIRED: The city of the address.</city><state>REQUIRED: The state or province of the address.</state><postal>REQUIRED: The ZIP or other postal code of the address.</postal></cntaddr><cntvoice>REQUIRED: The telephone number by which individuals can speak to the organization or individual.</cntvoice></cntinfo></metc><metd Sync="TRUE">20110316</metd></metainfo><mdLang><languageCode Sync="TRUE" value="hr"></languageCode></mdLang><mdStanName Sync="TRUE">ISO 19115 Geographic Information - Metadata</mdStanName><mdStanVer Sync="TRUE">DIS_ESRI1.0</mdStanVer><mdChar><CharSetCd Sync="TRUE" value="004"></CharSetCd></mdChar><mdHrLv><ScopeCd Sync="TRUE" value="005"></ScopeCd></mdHrLv><mdHrLvName Sync="TRUE">dataset</mdHrLvName><distinfo><resdesc Sync="TRUE">Downloadable Data</resdesc></distinfo><distInfo><distributor><distorTran><onLineSrc><orDesc Sync="TRUE">002</orDesc><linkage Sync="TRUE">file://</linkage><protocol Sync="TRUE">Local Area Network</protocol></onLineSrc></distorTran><distorFormat><formatName Sync="TRUE">File Geodatabase Table</formatName></distorFormat></distributor></distInfo><eainfo><detailed Name="ovr"><enttyp><enttypl Sync="TRUE">ovr</enttypl><enttypt Sync="TRUE">Table</enttypt><enttypc Sync="TRUE">0</enttypc></enttyp><attr><attrlabl Sync="TRUE">OBJECTID</attrlabl><attalias Sync="TRUE">OBJECTID</attalias><attrtype Sync="TRUE">OID</attrtype><attwidth Sync="TRUE">4</attwidth><atprecis Sync="TRUE">0</atprecis><attscale Sync="TRUE">0</attscale><attrdef Sync="TRUE">Internal feature number.</attrdef><attrdefs Sync="TRUE">ESRI</attrdefs><attrdomv><udom Sync="TRUE">Sequential unique whole numbers that are automatically generated.</udom></attrdomv></attr><attr><attrlabl Sync="TRUE">GJ</attrlabl><attalias Sync="TRUE">GJ</attalias><attrtype Sync="TRUE">String</attrtype><attwidth Sync="TRUE">255</attwidth><atprecis Sync="TRUE">0</atprecis><attscale Sync="TRUE">0</attscale></attr><attr><attrlabl Sync="TRUE">ODJ</attrlabl><attalias Sync="TRUE">ODJ</attalias><attrtype Sync="TRUE">String</attrtype><attwidth Sync="TRUE">255</attwidth><atprecis Sync="TRUE">0</atprecis><attscale Sync="TRUE">0</attscale></attr><attr><attrlabl Sync="TRUE">ODS</attrlabl><attalias Sync="TRUE">ODS</attalias><attrtype Sync="TRUE">String</attrtype><attwidth Sync="TRUE">255</attwidth><atprecis Sync="TRUE">0</atprecis><attscale Sync="TRUE">0</attscale></attr><attr><attrlabl Sync="TRUE">VR</attrlabl><attalias Sync="TRUE">VR</attalias><attrtype Sync="TRUE">String</attrtype><attwidth Sync="TRUE">255</attwidth><atprecis Sync="TRUE">0</atprecis><attscale Sync="TRUE">0</attscale></attr><attr><attrlabl Sync="TRUE">POST</attrlabl><attalias Sync="TRUE">POST</attalias><attrtype Sync="TRUE">String</attrtype><attwidth Sync="TRUE">255</attwidth><atprecis Sync="TRUE">0</atprecis><attscale Sync="TRUE">0</attscale></attr><attr><attrlabl Sync="TRUE">B07</attrlabl><attalias Sync="TRUE">B07</attalias><attrtype Sync="TRUE">Double</attrtype><attwidth Sync="TRUE">8</attwidth><atprecis Sync="TRUE">0</atprecis><attscale Sync="TRUE">0</attscale></attr><attr><attrlabl Sync="TRUE">B12</attrlabl><attalias Sync="TRUE">B12</attalias><attrtype Sync="TRUE">Double</attrtype><attwidth Sync="TRUE">8</attwidth><atprecis Sync="TRUE">0</atprecis><attscale Sync="TRUE">0</attscale></attr><attr><attrlabl Sync="TRUE">B17</attrlabl><attalias Sync="TRUE">B17</attalias><attrtype Sync="TRUE">Double</attrtype><attwidth Sync="TRUE">8</attwidth><atprecis Sync="TRUE">0</atprecis><attscale Sync="TRUE">0</attscale></attr><attr><attrlabl Sync="TRUE">B22</attrlabl><attalias Sync="TRUE">B22</attalias><attrtype Sync="TRUE">Double</attrtype><attwidth Sync="TRUE">8</attwidth><atprecis Sync="TRUE">0</atprecis><attscale Sync="TRUE">0</attscale></attr><attr><attrlabl Sync="TRUE">B27</attrlabl><attalias Sync="TRUE">B27</attalias><attrtype Sync="TRUE">Double</attrtype><attwidth Sync="TRUE">8</attwidth><atprecis Sync="TRUE">0</atprecis><attscale Sync="TRUE">0</attscale></attr><attr><attrlabl Sync="TRUE">B32</attrlabl><attalias Sync="TRUE">B32</attalias><attrtype Sync="TRUE">Double</attrtype><attwidth Sync="TRUE">8</attwidth><atprecis Sync="TRUE">0</atprecis><attscale Sync="TRUE">0</attscale></attr><attr><attrlabl Sync="TRUE">B37</attrlabl><attalias Sync="TRUE">B37</attalias><attrtype Sync="TRUE">Double</attrtype><attwidth Sync="TRUE">8</attwidth><atprecis Sync="TRUE">0</atprecis><attscale Sync="TRUE">0</attscale></attr><attr><attrlabl Sync="TRUE">B42</attrlabl><attalias Sync="TRUE">B42</attalias><attrtype Sync="TRUE">Double</attrtype><attwidth Sync="TRUE">8</attwidth><atprecis Sync="TRUE">0</atprecis><attscale Sync="TRUE">0</attscale></attr><attr><attrlabl Sync="TRUE">B47</attrlabl><attalias Sync="TRUE">B47</attalias><attrtype Sync="TRUE">Double</attrtype><attwidth Sync="TRUE">8</attwidth><atprecis Sync="TRUE">0</atprecis><attscale Sync="TRUE">0</attscale></attr><attr><attrlabl Sync="TRUE">B52</attrlabl><attalias Sync="TRUE">B52</attalias><attrtype Sync="TRUE">Double</attrtype><attwidth Sync="TRUE">8</attwidth><atprecis Sync="TRUE">0</atprecis><attscale Sync="TRUE">0</attscale></attr><attr><attrlabl Sync="TRUE">B57</attrlabl><attalias Sync="TRUE">B57</attalias><attrtype Sync="TRUE">Double</attrtype><attwidth Sync="TRUE">8</attwidth><atprecis Sync="TRUE">0</atprecis><attscale Sync="TRUE">0</attscale></attr><attr><attrlabl Sync="TRUE">B62</attrlabl><attalias Sync="TRUE">B62</attalias><attrtype Sync="TRUE">Double</attrtype><attwidth Sync="TRUE">8</attwidth><atprecis Sync="TRUE">0</atprecis><attscale Sync="TRUE">0</attscale></attr><attr><attrlabl Sync="TRUE">B67</attrlabl><attalias Sync="TRUE">B67</attalias><attrtype Sync="TRUE">Double</attrtype><attwidth Sync="TRUE">8</attwidth><atprecis Sync="TRUE">0</atprecis><attscale Sync="TRUE">0</attscale></attr><attr><attrlabl Sync="TRUE">B72</attrlabl><attalias Sync="TRUE">B72</attalias><attrtype Sync="TRUE">Double</attrtype><attwidth Sync="TRUE">8</attwidth><atprecis Sync="TRUE">0</atprecis><attscale Sync="TRUE">0</attscale></attr><attr><attrlabl Sync="TRUE">B77</attrlabl><attalias Sync="TRUE">B77</attalias><attrtype Sync="TRUE">Double</attrtype><attwidth Sync="TRUE">8</attwidth><atprecis Sync="TRUE">0</atprecis><attscale Sync="TRUE">0</attscale></attr><attr><attrlabl Sync="TRUE">B82</attrlabl><attalias Sync="TRUE">B82</attalias><attrtype Sync="TRUE">Double</attrtype><attwidth Sync="TRUE">8</attwidth><atprecis Sync="TRUE">0</atprecis><attscale Sync="TRUE">0</attscale></attr><attr><attrlabl Sync="TRUE">B87</attrlabl><attalias Sync="TRUE">B87</attalias><attrtype Sync="TRUE">Double</attrtype><attwidth Sync="TRUE">8</attwidth><atprecis Sync="TRUE">0</atprecis><attscale Sync="TRUE">0</attscale></attr><attr><attrlabl Sync="TRUE">B92</attrlabl><attalias Sync="TRUE">B92</attalias><attrtype Sync="TRUE">Double</attrtype><attwidth Sync="TRUE">8</attwidth><atprecis Sync="TRUE">0</atprecis><attscale Sync="TRUE">0</attscale></attr><attr><attrlabl Sync="TRUE">B97</attrlabl><attalias Sync="TRUE">B97</attalias><attrtype Sync="TRUE">Double</attrtype><attwidth Sync="TRUE">8</attwidth><atprecis Sync="TRUE">0</atprecis><attscale Sync="TRUE">0</attscale></attr><attr><attrlabl Sync="TRUE">M07</attrlabl><attalias Sync="TRUE">M07</attalias><attrtype Sync="TRUE">Double</attrtype><attwidth Sync="TRUE">8</attwidth><atprecis Sync="TRUE">0</atprecis><attscale Sync="TRUE">0</attscale></attr><attr><attrlabl Sync="TRUE">M12</attrlabl><attalias Sync="TRUE">M12</attalias><attrtype Sync="TRUE">Double</attrtype><attwidth Sync="TRUE">8</attwidth><atprecis Sync="TRUE">0</atprecis><attscale Sync="TRUE">0</attscale></attr><attr><attrlabl Sync="TRUE">M17</attrlabl><attalias Sync="TRUE">M17</attalias><attrtype Sync="TRUE">Double</attrtype><attwidth Sync="TRUE">8</attwidth><atprecis Sync="TRUE">0</atprecis><attscale Sync="TRUE">0</attscale></attr><attr><attrlabl Sync="TRUE">M22</attrlabl><attalias Sync="TRUE">M22</attalias><attrtype Sync="TRUE">Double</attrtype><attwidth Sync="TRUE">8</attwidth><atprecis Sync="TRUE">0</atprecis><attscale Sync="TRUE">0</attscale></attr><attr><attrlabl Sync="TRUE">M27</attrlabl><attalias Sync="TRUE">M27</attalias><attrtype Sync="TRUE">Double</attrtype><attwidth Sync="TRUE">8</attwidth><atprecis Sync="TRUE">0</atprecis><attscale Sync="TRUE">0</attscale></attr><attr><attrlabl Sync="TRUE">M32</attrlabl><attalias Sync="TRUE">M32</attalias><attrtype Sync="TRUE">Double</attrtype><attwidth Sync="TRUE">8</attwidth><atprecis Sync="TRUE">0</atprecis><attscale Sync="TRUE">0</attscale></attr><attr><attrlabl Sync="TRUE">M37</attrlabl><attalias Sync="TRUE">M37</attalias><attrtype Sync="TRUE">Double</attrtype><attwidth Sync="TRUE">8</attwidth><atprecis Sync="TRUE">0</atprecis><attscale Sync="TRUE">0</attscale></attr><attr><attrlabl Sync="TRUE">M42</attrlabl><attalias Sync="TRUE">M42</attalias><attrtype Sync="TRUE">Double</attrtype><attwidth Sync="TRUE">8</attwidth><atprecis Sync="TRUE">0</atprecis><attscale Sync="TRUE">0</attscale></attr><attr><attrlabl Sync="TRUE">M47</attrlabl><attalias Sync="TRUE">M47</attalias><attrtype Sync="TRUE">Double</attrtype><attwidth Sync="TRUE">8</attwidth><atprecis Sync="TRUE">0</atprecis><attscale Sync="TRUE">0</attscale></attr><attr><attrlabl Sync="TRUE">M52</attrlabl><attalias Sync="TRUE">M52</attalias><attrtype Sync="TRUE">Double</attrtype><attwidth Sync="TRUE">8</attwidth><atprecis Sync="TRUE">0</atprecis><attscale Sync="TRUE">0</attscale></attr><attr><attrlabl Sync="TRUE">M57</attrlabl><attalias Sync="TRUE">M57</attalias><attrtype Sync="TRUE">Double</attrtype><attwidth Sync="TRUE">8</attwidth><atprecis Sync="TRUE">0</atprecis><attscale Sync="TRUE">0</attscale></attr><attr><attrlabl Sync="TRUE">M62</attrlabl><attalias Sync="TRUE">M62</attalias><attrtype Sync="TRUE">Double</attrtype><attwidth Sync="TRUE">8</attwidth><atprecis Sync="TRUE">0</atprecis><attscale Sync="TRUE">0</attscale></attr><attr><attrlabl Sync="TRUE">M67</attrlabl><attalias Sync="TRUE">M67</attalias><attrtype Sync="TRUE">Double</attrtype><attwidth Sync="TRUE">8</attwidth><atprecis Sync="TRUE">0</atprecis><attscale Sync="TRUE">0</attscale></attr><attr><attrlabl Sync="TRUE">M72</attrlabl><attalias Sync="TRUE">M72</attalias><attrtype Sync="TRUE">Double</attrtype><attwidth Sync="TRUE">8</attwidth><atprecis Sync="TRUE">0</atprecis><attscale Sync="TRUE">0</attscale></attr><attr><attrlabl Sync="TRUE">M77</attrlabl><attalias Sync="TRUE">M77</attalias><attrtype Sync="TRUE">Double</attrtype><attwidth Sync="TRUE">8</attwidth><atprecis Sync="TRUE">0</atprecis><attscale Sync="TRUE">0</attscale></attr><attr><attrlabl Sync="TRUE">M82</attrlabl><attalias Sync="TRUE">M82</attalias><attrtype Sync="TRUE">Double</attrtype><attwidth Sync="TRUE">8</attwidth><atprecis Sync="TRUE">0</atprecis><attscale Sync="TRUE">0</attscale></attr><attr><attrlabl Sync="TRUE">M87</attrlabl><attalias Sync="TRUE">M87</attalias><attrtype Sync="TRUE">Double</attrtype><attwidth Sync="TRUE">8</attwidth><atprecis Sync="TRUE">0</atprecis><attscale Sync="TRUE">0</attscale></attr><attr><attrlabl Sync="TRUE">M92</attrlabl><attalias Sync="TRUE">M92</attalias><attrtype Sync="TRUE">Double</attrtype><attwidth Sync="TRUE">8</attwidth><atprecis Sync="TRUE">0</atprecis><attscale Sync="TRUE">0</attscale></attr><attr><attrlabl Sync="TRUE">M97</attrlabl><attalias Sync="TRUE">M97</attalias><attrtype Sync="TRUE">Double</attrtype><attwidth Sync="TRUE">8</attwidth><atprecis Sync="TRUE">0</atprecis><attscale Sync="TRUE">0</attscale></attr><attr><attrlabl Sync="TRUE">P10</attrlabl><attalias Sync="TRUE">P10</attalias><attrtype Sync="TRUE">Double</attrtype><attwidth Sync="TRUE">8</attwidth><atprecis Sync="TRUE">0</atprecis><attscale Sync="TRUE">0</attscale></attr><attr><attrlabl Sync="TRUE">P30</attrlabl><attalias Sync="TRUE">P30</attalias><attrtype Sync="TRUE">Double</attrtype><attwidth Sync="TRUE">8</attwidth><atprecis Sync="TRUE">0</atprecis><attscale Sync="TRUE">0</attscale></attr><attr><attrlabl Sync="TRUE">P50</attrlabl><attalias Sync="TRUE">P50</attalias><attrtype Sync="TRUE">Double</attrtype><attwidth Sync="TRUE">8</attwidth><atprecis Sync="TRUE">0</atprecis><attscale Sync="TRUE">0</attscale></attr><attr><attrlabl Sync="TRUE">M10</attrlabl><attalias Sync="TRUE">M10</attalias><attrtype Sync="TRUE">Double</attrtype><attwidth Sync="TRUE">8</attwidth><atprecis Sync="TRUE">0</atprecis><attscale Sync="TRUE">0</attscale></attr><attr><attrlabl Sync="TRUE">M30</attrlabl><attalias Sync="TRUE">M30</attalias><attrtype Sync="TRUE">Double</attrtype><attwidth Sync="TRUE">8</attwidth><atprecis Sync="TRUE">0</atprecis><attscale Sync="TRUE">0</attscale></attr><attr><attrlabl Sync="TRUE">M50</attrlabl><attalias Sync="TRUE">M50</attalias><attrtype Sync="TRUE">Double</attrtype><attwidth Sync="TRUE">8</attwidth><atprecis Sync="TRUE">0</atprecis><attscale Sync="TRUE">0</attscale></attr><attr><attrlabl Sync="TRUE">G</attrlabl><attalias Sync="TRUE">G</attalias><attrtype Sync="TRUE">Double</attrtype><attwidth Sync="TRUE">8</attwidth><atprecis Sync="TRUE">0</atprecis><attscale Sync="TRUE">0</attscale></attr><attr><attrlabl Sync="TRUE">T</attrlabl><attalias Sync="TRUE">T</attalias><attrtype Sync="TRUE">Double</attrtype><attwidth Sync="TRUE">8</attwidth><atprecis Sync="TRUE">0</atprecis><attscale Sync="TRUE">0</attscale></attr><attr><attrlabl Sync="TRUE">SR_VIS</attrlabl><attalias Sync="TRUE">SR_VIS</attalias><attrtype Sync="TRUE">Double</attrtype><attwidth Sync="TRUE">8</attwidth><atprecis Sync="TRUE">0</atprecis><attscale Sync="TRUE">0</attscale></attr><attr><attrlabl Sync="TRUE">SR_VIS_U</attrlabl><attalias Sync="TRUE">SR_VIS_U</attalias><attrtype Sync="TRUE">Double</attrtype><attwidth Sync="TRUE">8</attwidth><atprecis Sync="TRUE">0</atprecis><attscale Sync="TRUE">0</attscale></attr><attr><attrlabl Sync="TRUE">REORG</attrlabl><attalias Sync="TRUE">REORG</attalias><attrtype Sync="TRUE">SmallInteger</attrtype><attwidth Sync="TRUE">2</attwidth><atprecis Sync="TRUE">0</atprecis><attscale Sync="TRUE">0</attscale></attr><attr><attrlabl Sync="TRUE">T_DIR</attrlabl><attalias Sync="TRUE">T_DIR</attalias><attrtype Sync="TRUE">String</attrtype><attwidth Sync="TRUE">255</attwidth><atprecis Sync="TRUE">0</atprecis><attscale Sync="TRUE">0</attscale></attr><attr><attrlabl Sync="TRUE">P_DIR</attrlabl><attalias Sync="TRUE">P_DIR</attalias><attrtype Sync="TRUE">String</attrtype><attwidth Sync="TRUE">255</attwidth><atprecis Sync="TRUE">0</atprecis><attscale Sync="TRUE">0</attscale></attr><attr><attrlabl Sync="TRUE">GIP_M3</attrlabl><attalias Sync="TRUE">GIP_M3</attalias><attrtype Sync="TRUE">Double</attrtype><attwidth Sync="TRUE">8</attwidth><atprecis Sync="TRUE">0</atprecis><attscale Sync="TRUE">0</attscale></attr></detailed></eainfo><mdDateSt Sync="TRUE">20110316</mdDateSt><dataqual><lineage><procstep><procdesc Sync="TRUE">Dataset copied.</procdesc><srcused Sync="TRUE">\\BILI-PC\gis_010\KOPRIVNICKO-KRIZEVACKA ZUPANIJA\geodatabase\mali_kalnik.gdb</srcused><procdate Sync="TRUE">20110316</procdate><proctime Sync="TRUE">22174400</proctime></procstep></lineage></dataqual></metadata>
